Sampleid	Cell_type	Cell_line	Genotype	Sex	Replicate	RIN	Sequencing_run	Donor_cell_type	Pre_differentiation_passage	Post_differentiation_passage	Differentiation_factors	Days_in_differentiation	Oxygen_percent	Coating_matrix	GEO_SubSeries	GEO_title	Comment
iPSC_626_1	undifferentiated_iPSC	iLC 62-6	D21	Male	1	9.8	20240620_LH00407_0051_A22H52VLT3	renal epithelial	18	18	NA	NA	NA	Matrigel	GSE347268	undifferentiated_iPSC from euploid (D21) iPSC; Cell line ILC 62-6	CELL_LINE RENAMED FROM 'ILC 62-6' TO MATCH OTHER DATASETS - REVIEW
iPSC_76_1	undifferentiated_iPSC	iLD 7-6	T21	Male	1	10	20240620_LH00407_0051_A22H52VLT3	renal epithelial	16	16	NA	NA	NA	Matrigel	GSE347268	undifferentiated_iPSC from triploid (T21) iPSC; Cell line iLD 7-6	NA
iPSC_423_1	undifferentiated_iPSC	iLC 42-3	D21	Male	1	9.9	20240620_LH00407_0051_A22H52VLT3	renal epithelial	25	25	NA	NA	NA	Matrigel	GSE347268	undifferentiated_iPSC from euploid (D21) iPSC; Cell line iLC 42-3	NA
iPSC_194_1	undifferentiated_iPSC	iLD 19-4	T21	Male	1	9.8	20240620_LH00407_0051_A22H52VLT3	renal epithelial	21	21	NA	NA	NA	Matrigel	GSE347268	undifferentiated_iPSC from triploid (T21) iPSC; Cell line iLD 19-4	NA
iPSC_673_1	undifferentiated_iPSC	iLC 67-3	D21	Female	1	10	20240620_LH00407_0051_A22H52VLT3	renal epithelial	22	22	NA	NA	NA	Matrigel	GSE347268	undifferentiated_iPSC from euploid (D21) iPSC; Cell line iLC 67-3	NA
iPSC_23_1	undifferentiated_iPSC	iLD 2-3	T21	Female	1	10	20240620_LH00407_0051_A22H52VLT3	renal epithelial	21	21	NA	NA	NA	Matrigel	GSE347268	undifferentiated_iPSC from triploid (T21) iPSC; Cell line iLD 2-3	NA
iPSC_68BC5_1	undifferentiated_iPSC	LC 68BC-5	D21	Male	1	10	20240620_LH00407_0051_A22H52VLT3	PBMC	21	21	NA	NA	NA	Matrigel	GSE347268	undifferentiated_iPSC from euploid (D21) iPSC; Cell line LC 68BC-5	NA
iPSC_49BC3_1	undifferentiated_iPSC	LD 49BC-3	T21	Male	1	10	20240620_LH00407_0051_A22H52VLT3	PBMC	21	21	NA	NA	NA	Matrigel	GSE347268	undifferentiated_iPSC from triploid (T21) iPSC; Cell line LC 49BC-3	CELL_LINE RENAMED FROM 'LC 49BC-3' TO MATCH OTHER DATASETS - REVIEW
iPSC_474_1	undifferentiated_iPSC	iLC 47-4	D21	Male	1	10	20240620_LH00407_0051_A22H52VLT3	renal epithelial	23	23	NA	NA	NA	Matrigel	GSE347268	undifferentiated_iPSC from euploid (D21) iPSC; Cell line iLC 47-4	NA
iPSC_232_1	undifferentiated_iPSC	iLD 23-2	T21	Male	1	10	20240620_LH00407_0051_A22H52VLT3	renal epithelial	22	22	NA	NA	NA	Matrigel	GSE347268	undifferentiated_iPSC from triploid (T21) iPSC; Cell line iLD 23-2	NA
iPSC_113_1	undifferentiated_iPSC	iLD 11#3	D21	Female	1	10	20240620_LH00407_0051_A22H52VLT3	renal epithelial	23	23	NA	NA	NA	Matrigel	GSE347268	undifferentiated_iPSC from euploid (D21) iPSC; Cell line iLD 11#3	NA
iPSC_1121_1	undifferentiated_iPSC	iLD 11(2)-1	T21	Female	1	10	20240620_LH00407_0051_A22H52VLT3	renal epithelial	23	23	NA	NA	NA	Matrigel	GSE347268	undifferentiated_iPSC from triploid (T21) iPSC; Cell line iLD 11(2)-1	NA
iHSPC_626	iHSPC	iLC 62-6	D21	Male	1	9.8	20240620_LH00407_0051_A22H52VLT3	renal epithelial	18	18	STEMDiff Hematopoietic Kit	12	21	Matrigel	GSE347588	iHSPC from euploid (D21) iPSC; Cell line ILC 62-6	CELL_LINE RENAMED FROM 'ILC 62-6' TO MATCH OTHER DATASETS - REVIEW
iHSPC_76	iHSPC	iLD 7-6	T21	Male	1	10	20240620_LH00407_0051_A22H52VLT3	renal epithelial	16	16	STEMDiff Hematopoietic Kit	12	21	Matrigel	GSE347588	iHSPC from triploid (T21) iPSC; Cell line iLD 7-6	NA
iHSPC_423	iHSPC	iLC 42-3	D21	Male	1	9.9	20240620_LH00407_0051_A22H52VLT3	renal epithelial	25	25	STEMDiff Hematopoietic Kit	12	21	Matrigel	GSE347588	iHSPC from euploid (D21) iPSC; Cell line iLC 42-3	NA
iHSPC_194	iHSPC	iLD 19-4	T21	Male	1	9.8	20240620_LH00407_0051_A22H52VLT3	renal epithelial	21	21	STEMDiff Hematopoietic Kit	12	21	Matrigel	GSE347588	iHSPC from triploid (T21) iPSC; Cell line iLD 19-4	NA
iHSPC_673	iHSPC	iLC 67-3	D21	Female	1	10	20240620_LH00407_0051_A22H52VLT3	renal epithelial	22	22	STEMDiff Hematopoietic Kit	12	21	Matrigel	GSE347588	iHSPC from euploid (D21) iPSC; Cell line iLC 67-3	NA
iHSPC_23	iHSPC	iLD 2-3	T21	Female	1	10	20240620_LH00407_0051_A22H52VLT3	renal epithelial	21	21	STEMDiff Hematopoietic Kit	12	21	Matrigel	GSE347588	iHSPC from triploid (T21) iPSC; Cell line iLD 2-3	NA
iHSPC_68BC5	iHSPC	LC 68BC-5	D21	Male	1	10	20240620_LH00407_0051_A22H52VLT3	PBMC	21	21	STEMDiff Hematopoietic Kit	12	21	Matrigel	GSE347588	iHSPC from euploid (D21) iPSC; Cell line LC 68BC-5	NA
iHSPC_49BC3	iHSPC	LD 49BC-3	T21	Male	1	10	20240620_LH00407_0051_A22H52VLT3	PBMC	21	21	STEMDiff Hematopoietic Kit	12	21	Matrigel	GSE347588	iHSPC from triploid (T21) iPSC; Cell line LC 49BC-3	CELL_LINE RENAMED FROM 'LC 49BC-3' TO MATCH OTHER DATASETS - REVIEW
iHSPC_474	iHSPC	iLC 47-4	D21	Male	1	10	20240620_LH00407_0051_A22H52VLT3	renal epithelial	23	23	STEMDiff Hematopoietic Kit	12	21	Matrigel	GSE347588	iHSPC from euploid (D21) iPSC; Cell line iLC 47-4	NA
iHSPC_232	iHSPC	iLD 23-2	T21	Male	1	10	20240620_LH00407_0051_A22H52VLT3	renal epithelial	22	22	STEMDiff Hematopoietic Kit	12	21	Matrigel	GSE347588	iHSPC from triploid (T21) iPSC; Cell line iLD 23-2	NA
iHSPC_113	iHSPC	iLD 11#3	D21	Female	1	10	20240620_LH00407_0051_A22H52VLT3	renal epithelial	23	23	STEMDiff Hematopoietic Kit	12	21	Matrigel	GSE347588	iHSPC from euploid (D21) iPSC; Cell line iLD 11#3	NA
iHSPC_1121	iHSPC	iLD 11(2)-1	T21	Female	1	10	20240620_LH00407_0051_A22H52VLT3	renal epithelial	23	23	STEMDiff Hematopoietic Kit	12	21	Matrigel	GSE347588	iHSPC from triploid (T21) iPSC; Cell line iLD 11(2)-1	NA
iMono_626	iMonocytes	iLC 62-6	D21	Male	1	9.6	20241218_LH00407_0108_A22V5LFLT3	renal epithelial	18	18	"STEMDiff Hematopoietic Kit, SCF, IL3, FLIT3L, TPO, MCSF, GCSF, GMCSF"	18	21	Matrigel	GSE347586	iMonocytes from euploid (D21) iPSC; Cell line iLC 62-6	NA
iMono_76	iMonocytes	iLD 7-6	T21	Male	1	9.9	20241218_LH00407_0108_A22V5LFLT3	renal epithelial	16	16	"STEMDiff Hematopoietic Kit, SCF, IL3, FLIT3L, TPO, MCSF, GCSF, GMCSF"	18	21	Matrigel	GSE347586	iMonocytes from triploid (T21) iPSC; Cell line iLD 7-6	NA
iMono_423	iMonocytes	iLC 42-3	D21	Male	1	9.3	20241218_LH00407_0108_A22V5LFLT3	renal epithelial	25	25	"STEMDiff Hematopoietic Kit, SCF, IL3, FLIT3L, TPO, MCSF, GCSF, GMCSF"	18	21	Matrigel	GSE347586	iMonocytes from euploid (D21) iPSC; Cell line iLC 42-3	NA
iMono_194	iMonocytes	iLD 19-4	T21	Male	1	9.7	20241218_LH00407_0108_A22V5LFLT3	renal epithelial	21	21	"STEMDiff Hematopoietic Kit, SCF, IL3, FLIT3L, TPO, MCSF, GCSF, GMCSF"	18	21	Matrigel	GSE347586	iMonocytes from triploid (T21) iPSC; Cell line iLD 19-4	NA
iMono_673	iMonocytes	iLC 67-3	D21	Female	1	9.2	20241218_LH00407_0108_A22V5LFLT3	renal epithelial	22	22	"STEMDiff Hematopoietic Kit, SCF, IL3, FLIT3L, TPO, MCSF, GCSF, GMCSF"	18	21	Matrigel	GSE347586	iMonocytes from euploid (D21) iPSC; Cell line iLC 67-3	NA
iMono_23	iMonocytes	iLD 2-3	T21	Female	1	9.9	20241218_LH00407_0108_A22V5LFLT3	renal epithelial	21	21	"STEMDiff Hematopoietic Kit, SCF, IL3, FLIT3L, TPO, MCSF, GCSF, GMCSF"	18	21	Matrigel	GSE347586	iMonocytes from triploid (T21) iPSC; Cell line iLD 2-3	NA
iMono_68bc5	iMonocytes	LC 68BC-5	D21	Male	1	9.9	20241218_LH00407_0108_A22V5LFLT3	PBMC	21	21	"STEMDiff Hematopoietic Kit, SCF, IL3, FLIT3L, TPO, MCSF, GCSF, GMCSF"	18	21	Matrigel	GSE347586	iMonocytes from euploid (D21) iPSC; Cell line LC 68BC-5	NA
iMono_49bc3	iMonocytes	LD 49BC-3	T21	Male	1	9.9	20241218_LH00407_0108_A22V5LFLT3	PBMC	21	21	"STEMDiff Hematopoietic Kit, SCF, IL3, FLIT3L, TPO, MCSF, GCSF, GMCSF"	18	21	Matrigel	GSE347586	iMonocytes from triploid (T21) iPSC; Cell line LD 49BC-3	NA
iMono_474	iMonocytes	iLC 47-4	D21	Male	1	9.8	20241218_LH00407_0108_A22V5LFLT3	renal epithelial	23	23	"STEMDiff Hematopoietic Kit, SCF, IL3, FLIT3L, TPO, MCSF, GCSF, GMCSF"	18	21	Matrigel	GSE347586	iMonocytes from euploid (D21) iPSC; Cell line iLC 47-4	NA
iMono_232	iMonocytes	iLD 23-2	T21	Male	1	8.2	20241218_LH00407_0108_A22V5LFLT3	renal epithelial	22	22	"STEMDiff Hematopoietic Kit, SCF, IL3, FLIT3L, TPO, MCSF, GCSF, GMCSF"	18	21	Matrigel	GSE347586	iMonocytes from triploid (T21) iPSC; Cell line iLD 23-2	NA
iMono_113	iMonocytes	iLD 11#3	D21	Female	1	9.4	20241218_LH00407_0108_A22V5LFLT3	renal epithelial	23	23	"STEMDiff Hematopoietic Kit, SCF, IL3, FLIT3L, TPO, MCSF, GCSF, GMCSF"	18	21	Matrigel	GSE347586	iMonocytes from euploid (D21) iPSC; Cell line iLD 11#3	NA
iMono_1121	iMonocytes	iLD 11(2)-1	T21	Female	1	10	20241218_LH00407_0108_A22V5LFLT3	renal epithelial	23	23	"STEMDiff Hematopoietic Kit, SCF, IL3, FLIT3L, TPO, MCSF, GCSF, GMCSF"	18	21	Matrigel	GSE347586	iMonocytes from triploid (T21) iPSC; Cell line iLD 11(2)-1	NA
iHep_113_2	iHepatocytes	iLD 11#3	D21	Female	2	10	20240605_LH00407_0046_B22GMJFLT3	renal epithelial	21	21	"STEMDiff Definitive Endoderm Kit, HGF, Dexamethasone"	15	21	Matrigel	GSE296449	iHepatocytes from euploid (D21) iPSC; Cell line iLD 11#3	NA
iHep_1121_2	iHepatocytes	iLD 11(2)-1	T21	Female	2	9.8	20240605_LH00407_0046_B22GMJFLT3	renal epithelial	21	21	"STEMDiff Definitive Endoderm Kit, HGF, Dexamethasone"	15	21	Matrigel	GSE296449	iHepatocytes from triploid (T21) iPSC; Cell line iLD 11(2)-1	NA
iHep_673_1	iHepatocytes	iLC 67-3	D21	Female	1	10	20240605_LH00407_0046_B22GMJFLT3	renal epithelial	20	20	"STEMDiff Definitive Endoderm Kit, HGF, Dexamethasone"	15	21	Matrigel	GSE296449	iHepatocytes from euploid (D21) iPSC; Cell line iLC 67-3	NA
iHep_23_2	iHepatocytes	iLD 2-3	T21	Female	2	10	20240605_LH00407_0046_B22GMJFLT3	renal epithelial	19	19	"STEMDiff Definitive Endoderm Kit, HGF, Dexamethasone"	15	21	Matrigel	GSE296449	iHepatocytes from triploid (T21) iPSC; Cell line iLD 2-3	NA
iHep_626_2	iHepatocytes	iLC 62-6	D21	Male	2	10	20240605_LH00407_0046_B22GMJFLT3	renal epithelial	16	16	"STEMDiff Definitive Endoderm Kit, HGF, Dexamethasone"	15	21	Matrigel	GSE296449	iHepatocytes from euploid (D21) iPSC; Cell line iLC 62-6	NA
iHep_76_1	iHepatocytes	iLD 7-6	T21	Male	1	10	20240605_LH00407_0046_B22GMJFLT3	renal epithelial	14	14	"STEMDiff Definitive Endoderm Kit, HGF, Dexamethasone"	15	21	Matrigel	GSE296449	iHepatocytes from triploid (T21) iPSC; Cell line iLD 7-6	NA
iHep_423_1	iHepatocytes	iLC 42-3	D21	Male	1	10	20240605_LH00407_0046_B22GMJFLT3	renal epithelial	23	23	"STEMDiff Definitive Endoderm Kit, HGF, Dexamethasone"	15	21	Matrigel	GSE296449	iHepatocytes from euploid (D21) iPSC; Cell line iLC 42-3	NA
iHep_194_1	iHepatocytes	iLD 19-4	T21	Male	1	10	20240605_LH00407_0046_B22GMJFLT3	renal epithelial	19	19	"STEMDiff Definitive Endoderm Kit, HGF, Dexamethasone"	15	21	Matrigel	GSE296449	iHepatocytes from triploid (T21) iPSC; Cell line iLD 19-4	NA
iHep_474_1	iHepatocytes	iLC 47-4	D21	Male	1	9.9	20241218_LH00407_0108_A22V5LFLT3	renal epithelial	23	23	"STEMDiff Definitive Endoderm Kit, HGF, Dexamethasone"	15	21	Matrigel	GSE296449	iHepatocytes from euploid (D21) iPSC; Cell line iLC 47-4	NA
iHep_232_1	iHepatocytes	iLD 23-2	T21	Male	1	9.7	20241218_LH00407_0108_A22V5LFLT3	renal epithelial	22	22	"STEMDiff Definitive Endoderm Kit, HGF, Dexamethasone"	15	21	Matrigel	GSE296449	iHepatocytes from triploid (T21) iPSC; Cell line iLD 23-2	NA
iHep_68bc5_1	iHepatocytes	LC 68BC-5	D21	Male	1	8.8	20241218_LH00407_0108_A22V5LFLT3	PBMC	21	23	"STEMDiff Definitive Endoderm Kit, HGF, Dexamethasone"	15	21	Matrigel	GSE296449	iHepatocytes from euploid (D21) iPSC; Cell line LC 68BC-5	NA
iHep_49bc3_1	iHepatocytes	LD 49BC-3	T21	Male	1	9.1	20241218_LH00407_0108_A22V5LFLT3	PBMC	21	23	"STEMDiff Definitive Endoderm Kit, HGF, Dexamethasone"	15	21	Matrigel	GSE296449	iHepatocytes from triploid (T21) iPSC; Cell line LD 49BC-3	NA
iC4_4_D21_neuron	iNeurons	iC4-4	D21	Female	NA	NA	NA	NA	NA	NA	NA	NA	NA	NA	GSE344531	iNeurons from euploid (D21) iPSC; Cell line iC4-4	NA
iLC67_3_D21_neuron	iNeurons	iLC 67-3	D21	Female	NA	NA	NA	NA	NA	NA	NA	NA	NA	NA	GSE344531	iNeurons from euploid (D21) iPSC; Cell line iLC67-3	CELL_LINE RENAMED FROM 'iLC67-3' TO MATCH OTHER DATASETS - REVIEW
iLC47_4_D21_neuron	iNeurons	iLC 47-4	D21	Male	NA	NA	NA	NA	NA	NA	NA	NA	NA	NA	GSE344531	iNeurons from euploid (D21) iPSC; Cell line iLC47-4	CELL_LINE RENAMED FROM 'iLC47-4' TO MATCH OTHER DATASETS - REVIEW
iLC42_3_D21_neuron	iNeurons	iLC 42-3	D21	Male	NA	NA	NA	NA	NA	NA	NA	NA	NA	NA	GSE344531	iNeurons from euploid (D21) iPSC; Cell line iLC42-3	CELL_LINE RENAMED FROM 'iLC42-3' TO MATCH OTHER DATASETS - REVIEW
iLD7_6_T21_neuron	iNeurons	iLD 7-6	T21	Male	NA	NA	NA	NA	NA	NA	NA	NA	NA	NA	GSE344531	iNeurons from triploid (T21) iPSC; Cell line iLD7-6	CELL_LINE RENAMED FROM 'iLD7-6' TO MATCH OTHER DATASETS - REVIEW
iLD11_3_D21_neuron	iNeurons	iLD 11#3	D21	Female	NA	NA	NA	NA	NA	NA	NA	NA	NA	NA	GSE344531	iNeurons from euploid (D21) iPSC; Cell line  iLD11 #3	CELL_LINE RENAMED FROM 'iLD11 #3' TO MATCH OTHER DATASETS - REVIEW
iLD2_3_T21_neuron	iNeurons	iLD 2-3	T21	Female	NA	NA	NA	NA	NA	NA	NA	NA	NA	NA	GSE344531	iNeurons from triploid (T21) iPSC; Cell line iLD2-3	CELL_LINE RENAMED FROM 'iLD2-3' TO MATCH OTHER DATASETS - REVIEW
iLD11_2_1_T21_neuron	iNeurons	iLD 11(2)-1	T21	Female	NA	NA	NA	NA	NA	NA	NA	NA	NA	NA	GSE344531	iNeurons from triploid (T21) iPSC; Cell line  iLD11(2)-1	CELL_LINE RENAMED FROM 'iLD11(2)-1' TO MATCH OTHER DATASETS - REVIEW
LC68BC_5_D21_neuron	iNeurons	LC 68BC-5	D21	Male	NA	NA	NA	NA	NA	NA	NA	NA	NA	NA	GSE344531	iNeurons from euploid (D21) iPSC; Cell line LC68BC-5	CELL_LINE RENAMED FROM 'LC68BC-5' TO MATCH OTHER DATASETS - REVIEW
UWWC1_DS1_T21_neuron	iNeurons	UWWC1-DS1	T21	Male	NA	NA	NA	NA	NA	NA	NA	NA	NA	NA	GSE344531	iNeurons from triploid (T21) iPSC; Cell line UWWC1-DS1	NA
iLD19_4_T21_neuron	iNeurons	iLD 19-4	T21	Male	NA	NA	NA	NA	NA	NA	NA	NA	NA	NA	GSE344531	iNeurons from triploid (T21) iPSC; Cell line iLD19-4	CELL_LINE RENAMED FROM 'iLD19-4' TO MATCH OTHER DATASETS - REVIEW
iLC62_6_D21_neuron	iNeurons	iLC 62-6	D21	Male	NA	NA	NA	NA	NA	NA	NA	NA	NA	NA	GSE344531	iNeurons from euploid (D21) iPSC; Cell line iLC62-6	CELL_LINE RENAMED FROM 'iLC62-6' TO MATCH OTHER DATASETS - REVIEW
iC4_4_D21_astrocyte	iAstrocytes	iC4-4	D21	Female	NA	NA	NA	NA	NA	NA	NA	NA	NA	NA	GSE344533	iAstrocytes from euploid (D21) iPSC; Cell line iC4-4	NA
iLC67_3_D21_astrocyte	iAstrocytes	iLC 67-3	D21	Female	NA	NA	NA	NA	NA	NA	NA	NA	NA	NA	GSE344533	iAstrocytes from euploid (D21) iPSC; Cell line iLC67-3	CELL_LINE RENAMED FROM 'iLC67-3' TO MATCH OTHER DATASETS - REVIEW
iLC47_4_D21_astrocyte	iAstrocytes	iLC 47-4	D21	Male	NA	NA	NA	NA	NA	NA	NA	NA	NA	NA	GSE344533	iAstrocytes from euploid (D21) iPSC; Cell line iLC47-4	CELL_LINE RENAMED FROM 'iLC47-4' TO MATCH OTHER DATASETS - REVIEW
iLC42_3_D21_astrocyte	iAstrocytes	iLC 42-3	D21	Male	NA	NA	NA	NA	NA	NA	NA	NA	NA	NA	GSE344533	iAstrocytes from euploid (D21) iPSC; Cell line iLC42-3	CELL_LINE RENAMED FROM 'iLC42-3' TO MATCH OTHER DATASETS - REVIEW
iLD7_6_T21_astrocyte	iAstrocytes	iLD 7-6	T21	Male	NA	NA	NA	NA	NA	NA	NA	NA	NA	NA	GSE344533	iAstrocytes from triploid (T21) iPSC; Cell line iLD7-6	CELL_LINE RENAMED FROM 'iLD7-6' TO MATCH OTHER DATASETS - REVIEW
iLD11_3_D21_astrocyte	iAstrocytes	iLD 11#3	D21	Female	NA	NA	NA	NA	NA	NA	NA	NA	NA	NA	GSE344533	iAstrocytes from euploid (D21) iPSC; Cell line  iLD11 #3	CELL_LINE RENAMED FROM 'iLD11 #3' TO MATCH OTHER DATASETS - REVIEW
iLD2_3_T21_astrocyte	iAstrocytes	iLD 2-3	T21	Female	NA	NA	NA	NA	NA	NA	NA	NA	NA	NA	GSE344533	iAstrocytes from triploid (T21) iPSC; Cell line iLD2-3	CELL_LINE RENAMED FROM 'iLD2-3' TO MATCH OTHER DATASETS - REVIEW
iLD11_2_1_T21_astrocyte	iAstrocytes	iLD 11(2)-1	T21	Female	NA	NA	NA	NA	NA	NA	NA	NA	NA	NA	GSE344533	iAstrocytes from triploid (T21) iPSC; Cell line  iLD11(2)-1	CELL_LINE RENAMED FROM 'iLD11(2)-1' TO MATCH OTHER DATASETS - REVIEW
LC68BC_5_D21_astrocyte	iAstrocytes	LC 68BC-5	D21	Male	NA	NA	NA	NA	NA	NA	NA	NA	NA	NA	GSE344533	iAstrocytes from euploid (D21) iPSC; Cell line LC68BC-5	CELL_LINE RENAMED FROM 'LC68BC-5' TO MATCH OTHER DATASETS - REVIEW
UWWC1_DS1_T21_astrocyte	iAstrocytes	UWWC1-DS1	T21	Male	NA	NA	NA	NA	NA	NA	NA	NA	NA	NA	GSE344533	iAstrocytes from triploid (T21) iPSC; Cell line UWWC1-DS1	NA
iLD19_4_T21_astrocyte	iAstrocytes	iLD 19-4	T21	Male	NA	NA	NA	NA	NA	NA	NA	NA	NA	NA	GSE344533	iAstrocytes from triploid (T21) iPSC; Cell line iLD19-4	CELL_LINE RENAMED FROM 'iLD19-4' TO MATCH OTHER DATASETS - REVIEW
iLC62_6_D21_astrocyte	iAstrocytes	iLC 62-6	D21	Male	NA	NA	NA	NA	NA	NA	NA	NA	NA	NA	GSE344533	iAstrocytes from euploid (D21) iPSC; Cell line iLC62-6	CELL_LINE RENAMED FROM 'iLC62-6' TO MATCH OTHER DATASETS - REVIEW