Sampleid	Sex	Genotype	DOB	Harvest_Date	Mouse_ID	Cage_ID	Tube_Label	Tissue	Age_Group	RIN
T6_558669_Brain_1mo	Female	WT	4/28/24	5/29/24	T6	558669	T6_558669	Brain	1mo	8.7
T0_558670_Brain_1mo	Male	Dp16	4/29/24	5/29/24	T0	558670	T0_558670	Brain	1mo	8.4
T1_558670_Brain_1mo	Male	Dp16	4/29/24	5/29/24	T1	558670	T1_558670	Brain	1mo	8.6
T2_558670_Brain_1mo	Male	Dp16	4/29/24	5/29/24	T2	558670	T2_558670	Brain	1mo	8.6
T3_558670_Brain_1mo	Male	WT	4/29/24	5/29/24	T3	558670	T3_558670	Brain	1mo	8.7
T4_558670_Brain_1mo	Male	WT	4/29/24	5/29/24	T4	558670	T4_558670	Brain	1mo	8.2
T5_558671_Brain_1mo	Male	WT	4/29/24	5/29/24	T5	558671	T5_558671	Brain	1mo	8.6
T6_558671_Brain_1mo	Male	WT	4/29/24	5/29/24	T6	558671	T6_558671	Brain	1mo	8.2
T7_558671_Brain_1mo	Male	WT	4/29/24	5/29/24	T7	558671	T7_558671	Brain	1mo	8.8
T8_558671_Brain_1mo	Male	WT	4/29/24	5/29/24	T8	558671	T8_558671	Brain	1mo	8.9
T10_558672_Brain_1mo	Female	Dp16	4/29/24	5/29/24	T10	558672	T10_558672	Brain	1mo	8.3
T11_558672_Brain_1mo	Female	Dp16	4/29/24	5/29/24	T11	558672	T11_558672	Brain	1mo	8.5
T12_558672_Brain_1mo	Female	Dp16	4/29/24	5/29/24	T12	558672	T12_558672	Brain	1mo	8.7
T13_558673_Brain_1mo	Female	Dp16	4/29/24	5/29/24	T13	558673	T13_558673	Brain	1mo	8.5
T14_558673_Brain_1mo	Female	WT	4/29/24	5/29/24	T14	558673	T14_558673	Brain	1mo	8.7
T15_558673_Brain_1mo	Female	WT	4/29/24	5/29/24	T15	558673	T15_558673	Brain	1mo	8.8
T2_558674_Brain_1mo	Female	Dp16	4/30/24	5/31/24	T2	558674	T2_558674	Brain	1mo	8.6
T3_558674_Brain_1mo	Female	Dp16	4/30/24	5/31/24	T3	558674	T3_558674	Brain	1mo	8.4
T0_558675_Brain_1mo	Male	Dp16	4/30/24	5/31/24	T0	558675	T0_558675	Brain	1mo	8.4
T2_558675_Brain_1mo	Male	Dp16	4/30/24	5/31/24	T2	558675	T2_558675	Brain	1mo	8.7
T3_558675_Brain_1mo	Male	Dp16	4/30/24	5/31/24	T3	558675	T3_558675	Brain	1mo	8.6
T10_558677_Brain_1mo	Female	WT	4/30/24	5/31/24	T10	558677	T10_558677	Brain	1mo	9
T11_558677_Brain_1mo	Female	WT	4/30/24	5/31/24	T11	558677	T11_558677	Brain	1mo	8.8
T13_558677_Brain_1mo	Female	WT	4/30/24	5/31/24	T13	558677	T13_558677	Brain	1mo	8.7
T6_558669_Heart_1mo	Female	WT	4/28/24	5/29/24	T6	558669	T6_558669	Heart	1mo	9.1
T0_558670_Heart_1mo	Male	Dp16	4/29/24	5/29/24	T0	558670	T0_558670	Heart	1mo	9.3
T1_558670_Heart_1mo	Male	Dp16	4/29/24	5/29/24	T1	558670	T1_558670	Heart	1mo	9.3
T2_558670_Heart_1mo	Male	Dp16	4/29/24	5/29/24	T2	558670	T2_558670	Heart	1mo	9.2
T3_558670_Heart_1mo	Male	WT	4/29/24	5/29/24	T3	558670	T3_558670	Heart	1mo	9.5
T4_558670_Heart_1mo	Male	WT	4/29/24	5/29/24	T4	558670	T4_558670	Heart	1mo	9.2
T5_558671_Heart_1mo	Male	WT	4/29/24	5/29/24	T5	558671	T5_558671	Heart	1mo	9.5
T6_558671_Heart_1mo	Male	WT	4/29/24	5/29/24	T6	558671	T6_558671	Heart	1mo	9.1
T7_558671_Heart_1mo	Male	WT	4/29/24	5/29/24	T7	558671	T7_558671	Heart	1mo	9.4
T8_558671_Heart_1mo	Male	WT	4/29/24	5/29/24	T8	558671	T8_558671	Heart	1mo	9.4
T10_558672_Heart_1mo	Female	Dp16	4/29/24	5/29/24	T10	558672	T10_558672	Heart	1mo	9.4
T11_558672_Heart_1mo	Female	Dp16	4/29/24	5/29/24	T11	558672	T11_558672	Heart	1mo	9.5
T12_558672_Heart_1mo	Female	Dp16	4/29/24	5/29/24	T12	558672	T12_558672	Heart	1mo	9.5
T13_558673_Heart_1mo	Female	Dp16	4/29/24	5/29/24	T13	558673	T13_558673	Heart	1mo	9.4
T14_558673_Heart_1mo	Female	WT	4/29/24	5/29/24	T14	558673	T14_558673	Heart	1mo	9.5
T15_558673_Heart_1mo	Female	WT	4/29/24	5/29/24	T15	558673	T15_558673	Heart	1mo	9.5
T2_558674_Heart_1mo	Female	Dp16	4/30/24	5/31/24	T2	558674	T2_558674	Heart	1mo	9.4
T3_558674_Heart_1mo	Female	Dp16	4/30/24	5/31/24	T3	558674	T3_558674	Heart	1mo	9
T0_558675_Heart_1mo	Male	Dp16	4/30/24	5/31/24	T0	558675	T0_558675	Heart	1mo	9.4
T2_558675_Heart_1mo	Male	Dp16	4/30/24	5/31/24	T2	558675	T2_558675	Heart	1mo	8.8
T3_558675_Heart_1mo	Male	Dp16	4/30/24	5/31/24	T3	558675	T3_558675	Heart	1mo	9.6
T10_558677_Heart_1mo	Female	WT	4/30/24	5/31/24	T10	558677	T10_558677	Heart	1mo	9.6
T11_558677_Heart_1mo	Female	WT	4/30/24	5/31/24	T11	558677	T11_558677	Heart	1mo	9.6
T13_558677_Heart_1mo	Female	WT	4/30/24	5/31/24	T13	558677	T13_558677	Heart	1mo	9.7
T6_558669_Kidney_1mo	Female	WT	4/28/24	5/29/24	T6	558669	T6_558669	Kidney	1mo	9.2
T0_558670_Kidney_1mo	Male	Dp16	4/29/24	5/29/24	T0	558670	T0_558670	Kidney	1mo	9.2
T1_558670_Kidney_1mo	Male	Dp16	4/29/24	5/29/24	T1	558670	T1_558670	Kidney	1mo	9.4
T2_558670_Kidney_1mo	Male	Dp16	4/29/24	5/29/24	T2	558670	T2_558670	Kidney	1mo	9.4
T3_558670_Kidney_1mo	Male	WT	4/29/24	5/29/24	T3	558670	T3_558670	Kidney	1mo	9.3
T4_558670_Kidney_1mo	Male	WT	4/29/24	5/29/24	T4	558670	T4_558670	Kidney	1mo	9.3
T5_558671_Kidney_1mo	Male	WT	4/29/24	5/29/24	T5	558671	T5_558671	Kidney	1mo	9.2
T6_558671_Kidney_1mo	Male	WT	4/29/24	5/29/24	T6	558671	T6_558671	Kidney	1mo	9.3
T7_558671_Kidney_1mo	Male	WT	4/29/24	5/29/24	T7	558671	T7_558671	Kidney	1mo	9.4
T8_558671_Kidney_1mo	Male	WT	4/29/24	5/29/24	T8	558671	T8_558671	Kidney	1mo	9.4
T10_558672_Kidney_1mo	Female	Dp16	4/29/24	5/29/24	T10	558672	T10_558672	Kidney	1mo	9.6
T11_558672_Kidney_1mo	Female	Dp16	4/29/24	5/29/24	T11	558672	T11_558672	Kidney	1mo	9.6
T12_558672_Kidney_1mo	Female	Dp16	4/29/24	5/29/24	T12	558672	T12_558672	Kidney	1mo	9.5
T13_558673_Kidney_1mo	Female	Dp16	4/29/24	5/29/24	T13	558673	T13_558673	Kidney	1mo	9.4
T14_558673_Kidney_1mo	Female	WT	4/29/24	5/29/24	T14	558673	T14_558673	Kidney	1mo	9.6
T15_558673_Kidney_1mo	Female	WT	4/29/24	5/29/24	T15	558673	T15_558673	Kidney	1mo	9.8
T2_558674_Kidney_1mo	Female	Dp16	4/30/24	5/31/24	T2	558674	T2_558674	Kidney	1mo	9.7
T3_558674_Kidney_1mo	Female	Dp16	4/30/24	5/31/24	T3	558674	T3_558674	Kidney	1mo	9.5
T0_558675_Kidney_1mo	Male	Dp16	4/30/24	5/31/24	T0	558675	T0_558675	Kidney	1mo	9.3
T2_558675_Kidney_1mo	Male	Dp16	4/30/24	5/31/24	T2	558675	T2_558675	Kidney	1mo	9.4
T3_558675_Kidney_1mo	Male	Dp16	4/30/24	5/31/24	T3	558675	T3_558675	Kidney	1mo	9.6
T10_558677_Kidney_1mo	Female	WT	4/30/24	5/31/24	T10	558677	T10_558677	Kidney	1mo	9.5
T11_558677_Kidney_1mo	Female	WT	4/30/24	5/31/24	T11	558677	T11_558677	Kidney	1mo	9.5
T13_558677_Kidney_1mo	Female	WT	4/30/24	5/31/24	T13	558677	T13_558677	Kidney	1mo	9.6
T6_558669_Large_Intestine_1mo	Female	WT	4/28/24	5/29/24	T6	558669	T6_558669	Large_Intestine	1mo	9.3
T0_558670_Large_Intestine_1mo	Male	Dp16	4/29/24	5/29/24	T0	558670	T0_558670	Large_Intestine	1mo	9.4
T1_558670_Large_Intestine_1mo	Male	Dp16	4/29/24	5/29/24	T1	558670	T1_558670	Large_Intestine	1mo	9.4
T2_558670_Large_Intestine_1mo	Male	Dp16	4/29/24	5/29/24	T2	558670	T2_558670	Large_Intestine	1mo	9.1
T3_558670_Large_Intestine_1mo	Male	WT	4/29/24	5/29/24	T3	558670	T3_558670	Large_Intestine	1mo	9.9
T4_558670_Large_Intestine_1mo	Male	WT	4/29/24	5/29/24	T4	558670	T4_558670	Large_Intestine	1mo	9.4
T5_558671_Large_Intestine_1mo	Male	WT	4/29/24	5/29/24	T5	558671	T5_558671	Large_Intestine	1mo	8.6
T6_558671_Large_Intestine_1mo	Male	WT	4/29/24	5/29/24	T6	558671	T6_558671	Large_Intestine	1mo	9.6
T7_558671_Large_Intestine_1mo	Male	WT	4/29/24	5/29/24	T7	558671	T7_558671	Large_Intestine	1mo	9.5
T8_558671_Large_Intestine_1mo	Male	WT	4/29/24	5/29/24	T8	558671	T8_558671	Large_Intestine	1mo	9.1
T10_558672_Large_Intestine_1mo	Female	Dp16	4/29/24	5/29/24	T10	558672	T10_558672	Large_Intestine	1mo	9.4
T11_558672_Large_Intestine_1mo	Female	Dp16	4/29/24	5/29/24	T11	558672	T11_558672	Large_Intestine	1mo	9.7
T12_558672_Large_Intestine_1mo	Female	Dp16	4/29/24	5/29/24	T12	558672	T12_558672	Large_Intestine	1mo	9.8
T13_558673_Large_Intestine_1mo	Female	Dp16	4/29/24	5/29/24	T13	558673	T13_558673	Large_Intestine	1mo	8.3
T14_558673_Large_Intestine_1mo	Female	WT	4/29/24	5/29/24	T14	558673	T14_558673	Large_Intestine	1mo	8.9
T15_558673_Large_Intestine_1mo	Female	WT	4/29/24	5/29/24	T15	558673	T15_558673	Large_Intestine	1mo	8.5
T2_558674_Large_Intestine_1mo	Female	Dp16	4/30/24	5/31/24	T2	558674	T2_558674	Large_Intestine	1mo	9.2
T3_558674_Large_Intestine_1mo	Female	Dp16	4/30/24	5/31/24	T3	558674	T3_558674	Large_Intestine	1mo	9.3
T0_558675_Large_Intestine_1mo	Male	Dp16	4/30/24	5/31/24	T0	558675	T0_558675	Large_Intestine	1mo	9
T2_558675_Large_Intestine_1mo	Male	Dp16	4/30/24	5/31/24	T2	558675	T2_558675	Large_Intestine	1mo	9.8
T3_558675_Large_Intestine_1mo	Male	Dp16	4/30/24	5/31/24	T3	558675	T3_558675	Large_Intestine	1mo	9.6
T10_558677_Large_Intestine_1mo	Female	WT	4/30/24	5/31/24	T10	558677	T10_558677	Large_Intestine	1mo	9.3
T11_558677_Large_Intestine_1mo	Female	WT	4/30/24	5/31/24	T11	558677	T11_558677	Large_Intestine	1mo	9.3
T13_558677_Large_Intestine_1mo	Female	WT	4/30/24	5/31/24	T13	558677	T13_558677	Large_Intestine	1mo	9.8
T1_393596_Liver_1mo	Male	Dp16	6/5/22	7/6/22	T1	393596	T1_393596	Liver	1mo	9.3
T2_393596_Liver_1mo	Male	Dp16	6/5/22	7/6/22	T2	393596	T2_393596	Liver	1mo	9.2
T4_393596_Liver_1mo	Male	Dp16	6/5/22	7/6/22	T4	393596	T4_393596	Liver	1mo	8.3
T5_393596_Liver_1mo	Male	WT	6/5/22	7/6/22	T5	393596	T5_393596	Liver	1mo	8.6
T7_393597_Liver_1mo	Female	WT	6/5/22	7/6/22	T7	393597	T7_393597	Liver	1mo	9
T9_393597_Liver_1mo	Female	WT	6/5/22	7/6/22	T9	393597	T9_393597	Liver	1mo	9.8
T10_393597_Liver_1mo	Female	Dp16	6/5/22	7/6/22	T10	393597	T10_393597	Liver	1mo	9.8
T11_393597_Liver_1mo	Female	WT	6/5/22	7/6/22	T11	393597	T11_393597	Liver	1mo	9.9
T3_393598_Liver_1mo	Male	WT	6/5/22	7/6/22	T3	393598	T3_393598	Liver	1mo	9.7
T6_393598_Liver_1mo	Male	WT	6/5/22	7/6/22	T6	393598	T6_393598	Liver	1mo	9.7
T6_393601_Liver_1mo	Female	Dp16	6/5/22	7/6/22	T6	393601	T6_393601	Liver	1mo	9.9
T8_393601_Liver_1mo	Female	Dp16	6/5/22	7/6/22	T8	393601	T8_393601	Liver	1mo	10
T4_421752_Liver_1mo	Female	WT	10/3/22	11/2/22	T4	421752	T4_421752	Liver	1mo	8.8
T5_421752_Liver_1mo	Female	WT	10/3/22	11/2/22	T5	421752	T5_421752	Liver	1mo	8.8
T0_421753_Liver_1mo	Male	Dp16	10/3/22	11/2/22	T0	421753	T0_421753	Liver	1mo	8.4
T0_424990_Liver_1mo	Male	Dp16	10/17/22	11/16/22	T0	424990	T0_424990	Liver	1mo	8.8
T1_424990_Liver_1mo	Male	Dp16	10/17/22	11/16/22	T1	424990	T1_424990	Liver	1mo	9.1
T2_424990_Liver_1mo	Male	WT	10/17/22	11/16/22	T2	424990	T2_424990	Liver	1mo	9
T3_424990_Liver_1mo	Male	WT	10/17/22	11/16/22	T3	424990	T3_424990	Liver	1mo	9.2
T4_424990_Liver_1mo	Male	WT	10/17/22	11/16/22	T4	424990	T4_424990	Liver	1mo	9
T3_424991_Liver_1mo	Female	Dp16	10/17/22	11/16/22	T3	424991	T3_424991	Liver	1mo	9.2
T5_424991_Liver_1mo	Female	Dp16	10/17/22	11/16/22	T5	424991	T5_424991	Liver	1mo	9.1
T8_424991_Liver_1mo	Female	Dp16	10/17/22	11/16/22	T8	424991	T8_424991	Liver	1mo	8.6
T10_425311_Liver_1mo	Female	WT	10/19/22	11/18/22	T10	425311	T10_425311	Liver	1mo	10
T6_558669_Lung_1mo	Female	WT	4/28/24	5/29/24	T6	558669	T6_558669	Lung	1mo	8.9
T0_558670_Lung_1mo	Male	Dp16	4/29/24	5/29/24	T0	558670	T0_558670	Lung	1mo	9.1
T1_558670_Lung_1mo	Male	Dp16	4/29/24	5/29/24	T1	558670	T1_558670	Lung	1mo	9.2
T2_558670_Lung_1mo	Male	Dp16	4/29/24	5/29/24	T2	558670	T2_558670	Lung	1mo	8.4
T3_558670_Lung_1mo	Male	WT	4/29/24	5/29/24	T3	558670	T3_558670	Lung	1mo	8.8
T4_558670_Lung_1mo	Male	WT	4/29/24	5/29/24	T4	558670	T4_558670	Lung	1mo	9.1
T5_558671_Lung_1mo	Male	WT	4/29/24	5/29/24	T5	558671	T5_558671	Lung	1mo	8.5
T6_558671_Lung_1mo	Male	WT	4/29/24	5/29/24	T6	558671	T6_558671	Lung	1mo	9.2
T7_558671_Lung_1mo	Male	WT	4/29/24	5/29/24	T7	558671	T7_558671	Lung	1mo	9.3
T8_558671_Lung_1mo	Male	WT	4/29/24	5/29/24	T8	558671	T8_558671	Lung	1mo	9
T10_558672_Lung_1mo	Female	Dp16	4/29/24	5/29/24	T10	558672	T10_558672	Lung	1mo	7.6
T11_558672_Lung_1mo	Female	Dp16	4/29/24	5/29/24	T11	558672	T11_558672	Lung	1mo	8.7
T12_558672_Lung_1mo	Female	Dp16	4/29/24	5/29/24	T12	558672	T12_558672	Lung	1mo	9
T13_558673_Lung_1mo	Female	Dp16	4/29/24	5/29/24	T13	558673	T13_558673	Lung	1mo	8.9
T14_558673_Lung_1mo	Female	WT	4/29/24	5/29/24	T14	558673	T14_558673	Lung	1mo	8.3
T15_558673_Lung_1mo	Female	WT	4/29/24	5/29/24	T15	558673	T15_558673	Lung	1mo	9.3
T2_558674_Lung_1mo	Female	Dp16	4/30/24	5/31/24	T2	558674	T2_558674	Lung	1mo	8.9
T3_558674_Lung_1mo	Female	Dp16	4/30/24	5/31/24	T3	558674	T3_558674	Lung	1mo	7.9
T0_558675_Lung_1mo	Male	Dp16	4/30/24	5/31/24	T0	558675	T0_558675	Lung	1mo	9.1
T2_558675_Lung_1mo	Male	Dp16	4/30/24	5/31/24	T2	558675	T2_558675	Lung	1mo	8.9
T3_558675_Lung_1mo	Male	Dp16	4/30/24	5/31/24	T3	558675	T3_558675	Lung	1mo	8.9
T10_558677_Lung_1mo	Female	WT	4/30/24	5/31/24	T10	558677	T10_558677	Lung	1mo	9
T11_558677_Lung_1mo	Female	WT	4/30/24	5/31/24	T11	558677	T11_558677	Lung	1mo	9.1
T13_558677_Lung_1mo	Female	WT	4/30/24	5/31/24	T13	558677	T13_558677	Lung	1mo	8.7
T6_558669_Blood_1mo	Female	WT	4/28/24	5/29/24	T6	558669	T6_558669	Blood	1mo	8.2
T0_558670_Blood_1mo	Male	Dp16	4/29/24	5/29/24	T0	558670	T0_558670	Blood	1mo	8.4
T1_558670_Blood_1mo	Male	Dp16	4/29/24	5/29/24	T1	558670	T1_558670	Blood	1mo	8.7
T2_558670_Blood_1mo	Male	Dp16	4/29/24	5/29/24	T2	558670	T2_558670	Blood	1mo	8.1
T3_558670_Blood_1mo	Male	WT	4/29/24	5/29/24	T3	558670	T3_558670	Blood	1mo	8.8
T4_558670_Blood_1mo	Male	WT	4/29/24	5/29/24	T4	558670	T4_558670	Blood	1mo	8.3
T5_558671_Blood_1mo	Male	WT	4/29/24	5/29/24	T5	558671	T5_558671	Blood	1mo	8.7
T6_558671_Blood_1mo	Male	WT	4/29/24	5/29/24	T6	558671	T6_558671	Blood	1mo	8.6
T7_558671_Blood_1mo	Male	WT	4/29/24	5/29/24	T7	558671	T7_558671	Blood	1mo	8.7
T8_558671_Blood_1mo	Male	WT	4/29/24	5/29/24	T8	558671	T8_558671	Blood	1mo	6.7
T10_558672_Blood_1mo	Female	Dp16	4/29/24	5/29/24	T10	558672	T10_558672	Blood	1mo	8.8
T11_558672_Blood_1mo	Female	Dp16	4/29/24	5/29/24	T11	558672	T11_558672	Blood	1mo	8.9
T12_558672_Blood_1mo	Female	Dp16	4/29/24	5/29/24	T12	558672	T12_558672	Blood	1mo	8.8
T13_558673_Blood_1mo	Female	Dp16	4/29/24	5/29/24	T13	558673	T13_558673	Blood	1mo	8.9
T14_558673_Blood_1mo	Female	WT	4/29/24	5/29/24	T14	558673	T14_558673	Blood	1mo	9.1
T15_558673_Blood_1mo	Female	WT	4/29/24	5/29/24	T15	558673	T15_558673	Blood	1mo	9
T2_558674_Blood_1mo	Female	Dp16	4/30/24	5/31/24	T2	558674	T2_558674	Blood	1mo	8.2
T3_558674_Blood_1mo	Female	Dp16	4/30/24	5/31/24	T3	558674	T3_558674	Blood	1mo	8.2
T0_558675_Blood_1mo	Male	Dp16	4/30/24	5/31/24	T0	558675	T0_558675	Blood	1mo	7.1
T2_558675_Blood_1mo	Male	Dp16	4/30/24	5/31/24	T2	558675	T2_558675	Blood	1mo	8.9
T3_558675_Blood_1mo	Male	Dp16	4/30/24	5/31/24	T3	558675	T3_558675	Blood	1mo	8.6
T10_558677_Blood_1mo	Female	WT	4/30/24	5/31/24	T10	558677	T10_558677	Blood	1mo	9.1
T11_558677_Blood_1mo	Female	WT	4/30/24	5/31/24	T11	558677	T11_558677	Blood	1mo	9.2
T13_558677_Blood_1mo	Female	WT	4/30/24	5/31/24	T13	558677	T13_558677	Blood	1mo	9.2
T3_509124_Brain_4mo	Female	WT	10/10/23	2/23/24	T3	509124	T3_509124	Brain	4mo	10
T4_509124_Brain_4mo	Female	Dp16	10/10/23	2/23/24	T4	509124	T4_509124	Brain	4mo	10
T5_509124_Brain_4mo	Female	WT	10/10/23	2/23/24	T5	509124	T5_509124	Brain	4mo	9.9
T6_509124_Brain_4mo	Female	WT	10/10/23	2/23/24	T6	509124	T6_509124	Brain	4mo	10
T1_509122_Brain_4mo	Male	Dp16	10/10/23	2/23/24	T1	509122	T1_509122	Brain	4mo	10
T2_509122_Brain_4mo	Male	Dp16	10/10/23	2/23/24	T2	509122	T2_509122	Brain	4mo	10
T3_509122_Brain_4mo	Male	WT	10/10/23	2/23/24	T3	509122	T3_509122	Brain	4mo	9.9
T4_509122_Brain_4mo	Male	Dp16	10/10/23	2/23/24	T4	509122	T4_509122	Brain	4mo	10
T0_510091_Brain_4mo	Male	WT	10/15/23	2/23/24	T0	510091	T0_510091	Brain	4mo	10
T2_510091_Brain_4mo	Male	Dp16	10/15/23	2/23/24	T2	510091	T2_510091	Brain	4mo	9.8
T3_510091_Brain_4mo	Male	WT	10/15/23	2/23/24	T3	510091	T3_510091	Brain	4mo	10
T4_510091_Brain_4mo	Male	Dp16	10/15/23	2/23/24	T4	510091	T4_510091	Brain	4mo	9.9
T3_510515_Brain_4mo	Male	WT	10/16/23	3/1/24	T3	510515	T3_510515	Brain	4mo	10
T4_510515_Brain_4mo	Male	WT	10/16/23	3/1/24	T4	510515	T4_510515	Brain	4mo	9.2
T0_510515_Brain_4mo	Male	Dp16	10/16/23	3/1/24	T0	510515	T0_510515	Brain	4mo	9.8
T2_510515_Brain_4mo	Male	WT	10/16/23	3/1/24	T2	510515	T2_510515	Brain	4mo	9.8
T7_513891_Brain_4mo	Female	Dp16	10/31/23	3/1/24	T7	513891	T7_513891	Brain	4mo	9.8
T1_514293_Brain_4mo	Female	Dp16	11/1/23	3/1/24	T1	514293	T1_514293	Brain	4mo	9.8
T2_514293_Brain_4mo	Female	Dp16	11/1/23	3/1/24	T2	514293	T2_514293	Brain	4mo	9.8
T3_514293_Brain_4mo	Female	WT	11/1/23	3/1/24	T3	514293	T3_514293	Brain	4mo	9.8
T4_514293_Brain_4mo	Female	WT	11/1/23	3/1/24	T4	514293	T4_514293	Brain	4mo	10
T5_514293_Brain_4mo	Female	WT	11/1/23	3/1/24	T5	514293	T5_514293	Brain	4mo	10
T4_516274_Brain_4mo	Female	Dp16	11/8/23	3/1/24	T4	516274	T4_516274	Brain	4mo	10
T5_516274_Brain_4mo	Female	Dp16	11/8/23	3/1/24	T5	516274	T5_516274	Brain	4mo	9.9
T3_509124_Lgint_4mo	Female	WT	10/10/23	2/23/24	T3	509124	T3_509124	Large_Intestine	4mo	8.6
T4_509124_Lgint_4mo	Female	Dp16	10/10/23	2/23/24	T4	509124	T4_509124	Large_Intestine	4mo	9.2
T5_509124_Lgint_4mo	Female	WT	10/10/23	2/23/24	T5	509124	T5_509124	Large_Intestine	4mo	8.4
T6_509124_Lgint_4mo	Female	WT	10/10/23	2/23/24	T6	509124	T6_509124	Large_Intestine	4mo	9.3
T1_509122_Lgint_4mo	Male	Dp16	10/10/23	2/23/24	T1	509122	T1_509122	Large_Intestine	4mo	8.5
T2_509122_Lgint_4mo	Male	Dp16	10/10/23	2/23/24	T2	509122	T2_509122	Large_Intestine	4mo	8.3
T3_509122_Lgint_4mo	Male	WT	10/10/23	2/23/24	T3	509122	T3_509122	Large_Intestine	4mo	7.8
T4_509122_Lgint_4mo	Male	Dp16	10/10/23	2/23/24	T4	509122	T4_509122	Large_Intestine	4mo	9.4
T0_510091_Lgint_4mo	Male	WT	10/15/23	2/23/24	T0	510091	T0_510091	Large_Intestine	4mo	7.2
T2_510091_Lgint_4mo	Male	Dp16	10/15/23	2/23/24	T2	510091	T2_510091	Large_Intestine	4mo	8.1
T3_510091_Lgint_4mo	Male	WT	10/15/23	2/23/24	T3	510091	T3_510091	Large_Intestine	4mo	9.2
T4_510091_Lgint_4mo	Male	Dp16	10/15/23	2/23/24	T4	510091	T4_510091	Large_Intestine	4mo	9.5
T3_510515_Lgint_4mo	Male	WT	10/16/23	3/1/24	T3	510515	T3_510515	Large_Intestine	4mo	8.8
T4_510515_Lgint_4mo	Male	WT	10/16/23	3/1/24	T4	510515	T4_510515	Large_Intestine	4mo	9.6
T0_510515_Lgint_4mo	Male	Dp16	10/16/23	3/1/24	T0	510515	T0_510515	Large_Intestine	4mo	9.4
T2_510515_Lgint_4mo	Male	WT	10/16/23	3/1/24	T2	510515	T2_510515	Large_Intestine	4mo	9.2
T7_513891_Lgint_4mo	Female	Dp16	10/31/23	3/1/24	T7	513891	T7_513891	Large_Intestine	4mo	9.4
T1_514293_Lgint_4mo	Female	Dp16	11/1/23	3/1/24	T1	514293	T1_514293	Large_Intestine	4mo	8.7
T2_514293_Lgint_4mo	Female	Dp16	11/1/23	3/1/24	T2	514293	T2_514293	Large_Intestine	4mo	9.5
T3_514293_Lgint_4mo	Female	WT	11/1/23	3/1/24	T3	514293	T3_514293	Large_Intestine	4mo	8.8
T4_514293_Lgint_4mo	Female	WT	11/1/23	3/1/24	T4	514293	T4_514293	Large_Intestine	4mo	8.5
T5_514293_Lgint_4mo	Female	WT	11/1/23	3/1/24	T5	514293	T5_514293	Large_Intestine	4mo	9.2
T4_516274_Lgint_4mo	Female	Dp16	11/8/23	3/1/24	T4	516274	T4_516274	Large_Intestine	4mo	9.7
T5_516274_Lgint_4mo	Female	Dp16	11/8/23	3/1/24	T5	516274	T5_516274	Large_Intestine	4mo	9.8
T3_509124_Liver_4mo	Female	WT	10/10/23	2/23/24	T3	509124	T3_509124	Liver	4mo	7.9
T4_509124_Liver_4mo	Female	Dp16	10/10/23	2/23/24	T4	509124	T4_509124	Liver	4mo	7.8
T5_509124_Liver_4mo	Female	WT	10/10/23	2/23/24	T5	509124	T5_509124	Liver	4mo	8.3
T6_509124_Liver_4mo	Female	WT	10/10/23	2/23/24	T6	509124	T6_509124	Liver	4mo	8.3
T1_509122_Liver_4mo	Male	Dp16	10/10/23	2/23/24	T1	509122	T1_509122	Liver	4mo	9.2
T2_509122_Liver_4mo	Male	Dp16	10/10/23	2/23/24	T2	509122	T2_509122	Liver	4mo	8
T3_509122_Liver_4mo	Male	WT	10/10/23	2/23/24	T3	509122	T3_509122	Liver	4mo	8.6
T4_509122_Liver_4mo	Male	Dp16	10/10/23	2/23/24	T4	509122	T4_509122	Liver	4mo	8.8
T0_510091_Liver_4mo	Male	WT	10/15/23	2/23/24	T0	510091	T0_510091	Liver	4mo	8.5
T2_510091_Liver_4mo	Male	Dp16	10/15/23	2/23/24	T2	510091	T2_510091	Liver	4mo	8.6
T3_510091_Liver_4mo	Male	WT	10/15/23	2/23/24	T3	510091	T3_510091	Liver	4mo	8.5
T4_510091_Liver_4mo	Male	Dp16	10/15/23	2/23/24	T4	510091	T4_510091	Liver	4mo	8.6
T3_510515_Liver_4mo	Male	WT	10/16/23	3/1/24	T3	510515	T3_510515	Liver	4mo	8.6
T4_510515_Liver_4mo	Male	WT	10/16/23	3/1/24	T4	510515	T4_510515	Liver	4mo	8.3
T0_510515_Liver_4mo	Male	Dp16	10/16/23	3/1/24	T0	510515	T0_510515	Liver	4mo	8.8
T2_510515_Liver_4mo	Male	WT	10/16/23	3/1/24	T2	510515	T2_510515	Liver	4mo	8.7
T7_513891_Liver_4mo	Female	Dp16	10/31/23	3/1/24	T7	513891	T7_513891	Liver	4mo	9.3
T1_514293_Liver_4mo	Female	Dp16	11/1/23	3/1/24	T1	514293	T1_514293	Liver	4mo	9.4
T2_514293_Liver_4mo	Female	Dp16	11/1/23	3/1/24	T2	514293	T2_514293	Liver	4mo	8.9
T3_514293_Liver_4mo	Female	WT	11/1/23	3/1/24	T3	514293	T3_514293	Liver	4mo	8.6
T4_514293_Liver_4mo	Female	WT	11/1/23	3/1/24	T4	514293	T4_514293	Liver	4mo	8.4
T5_514293_Liver_4mo	Female	WT	11/1/23	3/1/24	T5	514293	T5_514293	Liver	4mo	8.2
T4_516274_Liver_4mo	Female	Dp16	11/8/23	3/1/24	T4	516274	T4_516274	Liver	4mo	8.5
T5_516274_Liver_4mo	Female	Dp16	11/8/23	3/1/24	T5	516274	T5_516274	Liver	4mo	9.3
T3_509124_Kidney_4mo	Female	WT	10/10/23	2/23/24	T3	509124	T3_509124	Kidney	4mo	9.1
T4_509124_Kidney_4mo	Female	Dp16	10/10/23	2/23/24	T4	509124	T4_509124	Kidney	4mo	9
T5_509124_Kidney_4mo	Female	WT	10/10/23	2/23/24	T5	509124	T5_509124	Kidney	4mo	8.7
T6_509124_Kidney_4mo	Female	WT	10/10/23	2/23/24	T6	509124	T6_509124	Kidney	4mo	9.3
T1_509122_Kidney_4mo	Male	Dp16	10/10/23	2/23/24	T1	509122	T1_509122	Kidney	4mo	9.3
T2_509122_Kidney_4mo	Male	Dp16	10/10/23	2/23/24	T2	509122	T2_509122	Kidney	4mo	9.3
T3_509122_Kidney_4mo	Male	WT	10/10/23	2/23/24	T3	509122	T3_509122	Kidney	4mo	9.4
T4_509122_Kidney_4mo	Male	Dp16	10/10/23	2/23/24	T4	509122	T4_509122	Kidney	4mo	9.7
T0_510091_Kidney_4mo	Male	WT	10/15/23	2/23/24	T0	510091	T0_510091	Kidney	4mo	8.8
T2_510091_Kidney_4mo	Male	Dp16	10/15/23	2/23/24	T2	510091	T2_510091	Kidney	4mo	9.3
T3_510091_Kidney_4mo	Male	WT	10/15/23	2/23/24	T3	510091	T3_510091	Kidney	4mo	8.4
T4_510091_Kidney_4mo	Male	Dp16	10/15/23	2/23/24	T4	510091	T4_510091	Kidney	4mo	8.7
T3_510515_Kidney_4mo	Male	WT	10/16/23	3/1/24	T3	510515	T3_510515	Kidney	4mo	8.2
T4_510515_Kidney_4mo	Male	WT	10/16/23	3/1/24	T4	510515	T4_510515	Kidney	4mo	8.8
T0_510515_Kidney_4mo	Male	Dp16	10/16/23	3/1/24	T0	510515	T0_510515	Kidney	4mo	8.5
T2_510515_Kidney_4mo	Male	WT	10/16/23	3/1/24	T2	510515	T2_510515	Kidney	4mo	8.2
T7_513891_Kidney_4mo	Female	Dp16	10/31/23	3/1/24	T7	513891	T7_513891	Kidney	4mo	8.3
T1_514293_Kidney_4mo	Female	Dp16	11/1/23	3/1/24	T1	514293	T1_514293	Kidney	4mo	7.1
T2_514293_Kidney_4mo	Female	Dp16	11/1/23	3/1/24	T2	514293	T2_514293	Kidney	4mo	8.1
T3_514293_Kidney_4mo	Female	WT	11/1/23	3/1/24	T3	514293	T3_514293	Kidney	4mo	9.3
T4_514293_Kidney_4mo	Female	WT	11/1/23	3/1/24	T4	514293	T4_514293	Kidney	4mo	8.2
T5_514293_Kidney_4mo	Female	WT	11/1/23	3/1/24	T5	514293	T5_514293	Kidney	4mo	8.6
T4_516274_Kidney_4mo	Female	Dp16	11/8/23	3/1/24	T4	516274	T4_516274	Kidney	4mo	8.3
T5_516274_Kidney_4mo	Female	Dp16	11/8/23	3/1/24	T5	516274	T5_516274	Kidney	4mo	9.3
T3_509124_Lung_4mo	Female	WT	10/10/23	2/23/24	T3	509124	T3_509124	Lung	4mo	9.1
T4_509124_Lung_4mo	Female	Dp16	10/10/23	2/23/24	T4	509124	T4_509124	Lung	4mo	9
T5_509124_Lung_4mo	Female	WT	10/10/23	2/23/24	T5	509124	T5_509124	Lung	4mo	9.2
T6_509124_Lung_4mo	Female	WT	10/10/23	2/23/24	T6	509124	T6_509124	Lung	4mo	7.9
T1_509122_Lung_4mo	Male	Dp16	10/10/23	2/23/24	T1	509122	T1_509122	Lung	4mo	9
T2_509122_Lung_4mo	Male	Dp16	10/10/23	2/23/24	T2	509122	T2_509122	Lung	4mo	8.9
T3_509122_Lung_4mo	Male	WT	10/10/23	2/23/24	T3	509122	T3_509122	Lung	4mo	9.1
T4_509122_Lung_4mo	Male	Dp16	10/10/23	2/23/24	T4	509122	T4_509122	Lung	4mo	9.6
T0_510091_Lung_4mo	Male	WT	10/15/23	2/23/24	T0	510091	T0_510091	Lung	4mo	8.9
T2_510091_Lung_4mo	Male	Dp16	10/15/23	2/23/24	T2	510091	T2_510091	Lung	4mo	9
T3_510091_Lung_4mo	Male	WT	10/15/23	2/23/24	T3	510091	T3_510091	Lung	4mo	9.2
T4_510091_Lung_4mo	Male	Dp16	10/15/23	2/23/24	T4	510091	T4_510091	Lung	4mo	9.2
T3_510515_Lung_4mo	Male	WT	10/16/23	3/1/24	T3	510515	T3_510515	Lung	4mo	9
T4_510515_Lung_4mo	Male	WT	10/16/23	3/1/24	T4	510515	T4_510515	Lung	4mo	8.9
T0_510515_Lung_4mo	Male	Dp16	10/16/23	3/1/24	T0	510515	T0_510515	Lung	4mo	7.7
T2_510515_Lung_4mo	Male	WT	10/16/23	3/1/24	T2	510515	T2_510515	Lung	4mo	9.2
T7_513891_Lung_4mo	Female	Dp16	10/31/23	3/1/24	T7	513891	T7_513891	Lung	4mo	8.5
T1_514293_Lung_4mo	Female	Dp16	11/1/23	3/1/24	T1	514293	T1_514293	Lung	4mo	8.4
T2_514293_Lung_4mo	Female	Dp16	11/1/23	3/1/24	T2	514293	T2_514293	Lung	4mo	7.8
T3_514293_Lung_4mo	Female	WT	11/1/23	3/1/24	T3	514293	T3_514293	Lung	4mo	8.3
T4_514293_Lung_4mo	Female	WT	11/1/23	3/1/24	T4	514293	T4_514293	Lung	4mo	8.2
T5_514293_Lung_4mo	Female	WT	11/1/23	3/1/24	T5	514293	T5_514293	Lung	4mo	9.1
T4_516274_Lung_4mo	Female	Dp16	11/8/23	3/1/24	T4	516274	T4_516274	Lung	4mo	8.4
T5_516274_Lung_4mo	Female	Dp16	11/8/23	3/1/24	T5	516274	T5_516274	Lung	4mo	8.1
T3_509124_Heart_4mo	Female	WT	10/10/23	2/23/24	T3	509124	T3_509124	Heart	4mo	8.3
T4_509124_Heart_4mo	Female	Dp16	10/10/23	2/23/24	T4	509124	T4_509124	Heart	4mo	8.6
T5_509124_Heart_4mo	Female	WT	10/10/23	2/23/24	T5	509124	T5_509124	Heart	4mo	9
T6_509124_Heart_4mo	Female	WT	10/10/23	2/23/24	T6	509124	T6_509124	Heart	4mo	8.4
T1_509122_Heart_4mo	Male	Dp16	10/10/23	2/23/24	T1	509122	T1_509122	Heart	4mo	8.4
T2_509122_Heart_4mo	Male	Dp16	10/10/23	2/23/24	T2	509122	T2_509122	Heart	4mo	9.2
T3_509122_Heart_4mo	Male	WT	10/10/23	2/23/24	T3	509122	T3_509122	Heart	4mo	8.9
T4_509122_Heart_4mo	Male	Dp16	10/10/23	2/23/24	T4	509122	T4_509122	Heart	4mo	9.3
T0_510091_Heart_4mo	Male	WT	10/15/23	2/23/24	T0	510091	T0_510091	Heart	4mo	8.9
T2_510091_Heart_4mo	Male	Dp16	10/15/23	2/23/24	T2	510091	T2_510091	Heart	4mo	9
T3_510091_Heart_4mo	Male	WT	10/15/23	2/23/24	T3	510091	T3_510091	Heart	4mo	9.3
T4_510091_Heart_4mo	Male	Dp16	10/15/23	2/23/24	T4	510091	T4_510091	Heart	4mo	8.8
T3_510515_Heart_4mo	Male	WT	10/16/23	3/1/24	T3	510515	T3_510515	Heart	4mo	8.5
T4_510515_Heart_4mo	Male	WT	10/16/23	3/1/24	T4	510515	T4_510515	Heart	4mo	9.1
T0_510515_Heart_4mo	Male	Dp16	10/16/23	3/1/24	T0	510515	T0_510515	Heart	4mo	8.5
T2_510515_Heart_4mo	Male	WT	10/16/23	3/1/24	T2	510515	T2_510515	Heart	4mo	8.7
T7_513891_Heart_4mo	Female	Dp16	10/31/23	3/1/24	T7	513891	T7_513891	Heart	4mo	8.8
T1_514293_Heart_4mo	Female	Dp16	11/1/23	3/1/24	T1	514293	T1_514293	Heart	4mo	8.7
T2_514293_Heart_4mo	Female	Dp16	11/1/23	3/1/24	T2	514293	T2_514293	Heart	4mo	8.3
T3_514293_Heart_4mo	Female	WT	11/1/23	3/1/24	T3	514293	T3_514293	Heart	4mo	8.4
T4_514293_Heart_4mo	Female	WT	11/1/23	3/1/24	T4	514293	T4_514293	Heart	4mo	8.7
T5_514293_Heart_4mo	Female	WT	11/1/23	3/1/24	T5	514293	T5_514293	Heart	4mo	8.5
T4_516274_Heart_4mo	Female	Dp16	11/8/23	3/1/24	T4	516274	T4_516274	Heart	4mo	8.7
T5_516274_Heart_4mo	Female	Dp16	11/8/23	3/1/24	T5	516274	T5_516274	Heart	4mo	8.7
T3_509124_Whole_Blood_4mo	Female	WT	10/10/23	2/23/24	T3	509124	T3_509124	Blood	4mo	8.5
T4_509124_Whole_Blood_4mo	Female	Dp16	10/10/23	2/23/24	T4	509124	T4_509124	Blood	4mo	8.7
T5_509124_Whole_Blood_4mo	Female	WT	10/10/23	2/23/24	T5	509124	T5_509124	Blood	4mo	9
T6_509124_Whole_Blood_4mo	Female	WT	10/10/23	2/23/24	T6	509124	T6_509124	Blood	4mo	8.1
T1_509122_Whole_Blood_4mo	Male	Dp16	10/10/23	2/23/24	T1	509122	T1_509122	Blood	4mo	8.2
T2_509122_Whole_Blood_4mo	Male	Dp16	10/10/23	2/23/24	T2	509122	T2_509122	Blood	4mo	8.9
T3_509122_Whole_Blood_4mo	Male	WT	10/10/23	2/23/24	T3	509122	T3_509122	Blood	4mo	8.6
T4_509122_Whole_Blood_4mo	Male	Dp16	10/10/23	2/23/24	T4	509122	T4_509122	Blood	4mo	8.7
T0_510091_Whole_Blood_4mo	Male	WT	10/15/23	2/23/24	T0	510091	T0_510091	Blood	4mo	8.6
T2_510091_Whole_Blood_4mo	Male	Dp16	10/15/23	2/23/24	T2	510091	T2_510091	Blood	4mo	8.5
T3_510091_Whole_Blood_4mo	Male	WT	10/15/23	2/23/24	T3	510091	T3_510091	Blood	4mo	8.8
T4_510091_Whole_Blood_4mo	Male	Dp16	10/15/23	2/23/24	T4	510091	T4_510091	Blood	4mo	7.9
T3_510515_Whole_Blood_4mo	Male	WT	10/16/23	3/1/24	T3	510515	T3_510515	Blood	4mo	8.5
T4_510515_Whole_Blood_4mo	Male	WT	10/16/23	3/1/24	T4	510515	T4_510515	Blood	4mo	7.9
T0_510515_Whole_Blood_4mo	Male	Dp16	10/16/23	3/1/24	T0	510515	T0_510515	Blood	4mo	8.3
T2_510515_Whole_Blood_4mo	Male	WT	10/16/23	3/1/24	T2	510515	T2_510515	Blood	4mo	8.7
T7_513891_Whole_Blood_4mo	Female	Dp16	10/31/23	3/1/24	T7	513891	T7_513891	Blood	4mo	7.8
T1_514293_Whole_Blood_4mo	Female	Dp16	11/1/23	3/1/24	T1	514293	T1_514293	Blood	4mo	8.5
T2_514293_Whole_Blood_4mo	Female	Dp16	11/1/23	3/1/24	T2	514293	T2_514293	Blood	4mo	8.8
T3_514293_Whole_Blood_4mo	Female	WT	11/1/23	3/1/24	T3	514293	T3_514293	Blood	4mo	8.8
T4_514293_Whole_Blood_4mo	Female	WT	11/1/23	3/1/24	T4	514293	T4_514293	Blood	4mo	8.3
T5_514293_Whole_Blood_4mo	Female	WT	11/1/23	3/1/24	T5	514293	T5_514293	Blood	4mo	8.8
T4_516274_Whole_Blood_4mo	Female	Dp16	11/8/23	3/1/24	T4	516274	T4_516274	Blood	4mo	8.9
T5_516274_Whole_Blood_4mo	Female	Dp16	11/8/23	3/1/24	T5	516274	T5_516274	Blood	4mo	8.9
E1_599424_Heart_E18.5	Female	Dp16	NA	11/19/24	E1	599424	E1_599424	Heart	E18.5	9.8
E2_599424_Heart_E18.5	Female	WT	NA	11/19/24	E2	599424	E2_599424	Heart	E18.5	9.7
E3_599424_Heart_E18.5	Female	WT	NA	11/19/24	E3	599424	E3_599424	Heart	E18.5	9.6
E4_599424_Heart_E18.5	Male	WT	NA	11/19/24	E4	599424	E4_599424	Heart	E18.5	9.7
E5_599424_Heart_E18.5	Male	WT	NA	11/19/24	E5	599424	E5_599424	Heart	E18.5	9.6
E7_599424_Heart_E18.5	Female	Dp16	NA	11/19/24	E7	599424	E7_599424	Heart	E18.5	9.6
E8_599424_Heart_E18.5	Male	Dp16	NA	11/19/24	E8	599424	E8_599424	Heart	E18.5	10
E1_599428_Heart_E18.5	Male	WT	NA	11/20/24	E1	599428	E1_599428	Heart	E18.5	9.9
E2_599428_Heart_E18.5	Male	Dp16	NA	11/20/24	E2	599428	E2_599428	Heart	E18.5	9
E1_586381_Heart_E18.5	Female	WT	NA	2/27/25	E1	586381	E1_586381	Heart	E18.5	9.8
E4_599428_Heart_E18.5	Male	WT	NA	11/20/24	E4	599428	E4_599428	Heart	E18.5	9.5
E5_599428_Heart_E18.5	Male	Dp16	NA	11/20/24	E5	599428	E5_599428	Heart	E18.5	9.7
E6_599428_Heart_E18.5	Female	WT	NA	11/20/24	E6	599428	E6_599428	Heart	E18.5	9.8
E8_599428_Heart_E18.5	Female	Dp16	NA	11/20/24	E8	599428	E8_599428	Heart	E18.5	9.7
E1_599425_Heart_E18.5	Female	Dp16	NA	11/21/24	E1	599425	E1_599425	Heart	E18.5	9.8
E2_586381_Heart_E18.5	Female	Dp16	NA	2/27/25	E2	586381	E2_586381	Heart	E18.5	9.9
E3_586381_Heart_E18.5	Male	Dp16	NA	2/27/25	E3	586381	E3_586381	Heart	E18.5	9.9
E4_599425_Heart_E18.5	Male	WT	NA	11/21/24	E4	599425	E4_599425	Heart	E18.5	10
E5_599425_Heart_E18.5	Male	Dp16	NA	11/21/24	E5	599425	E5_599425	Heart	E18.5	9.5
E6_599425_Heart_E18.5	Male	Dp16	NA	11/21/24	E6	599425	E6_599425	Heart	E18.5	9.8
E6_586381_Heart_E18.5	Female	WT	NA	2/27/25	E6	586381	E6_586381	Heart	E18.5	10
E8_599425_Heart_E18.5	Female	WT	NA	11/21/24	E8	599425	E8_599425	Heart	E18.5	9.9
E10_599425_Heart_E18.5	Female	Dp16	NA	11/21/24	E10	599425	E10_599425	Heart	E18.5	9.9
E9_586381_Heart_E18.5	Male	WT	NA	2/27/25	E9	586381	E9_586381	Heart	E18.5	9.8
E1_599424_Brain_E18.5	Female	Dp16	NA	11/19/24	E1	599424	E1_599424	Brain	E18.5	9
E2_599424_Brain_E18.5	Female	WT	NA	11/19/24	E2	599424	E2_599424	Brain	E18.5	9.2
E3_599424_Brain_E18.5	Female	WT	NA	11/19/24	E3	599424	E3_599424	Brain	E18.5	9.4
E4_599424_Brain_E18.5	Male	WT	NA	11/19/24	E4	599424	E4_599424	Brain	E18.5	8.6
E5_599424_Brain_E18.5	Male	WT	NA	11/19/24	E5	599424	E5_599424	Brain	E18.5	8.6
E7_599424_Brain_E18.5	Female	Dp16	NA	11/19/24	E7	599424	E7_599424	Brain	E18.5	8.1
E8_599424_Brain_E18.5	Male	Dp16	NA	11/19/24	E8	599424	E8_599424	Brain	E18.5	10
E1_599428_Brain_E18.5	Male	WT	NA	11/20/24	E1	599428	E1_599428	Brain	E18.5	9.1
E2_599428_Brain_E18.5	Male	Dp16	NA	11/20/24	E2	599428	E2_599428	Brain	E18.5	9.3
E1_586381_Brain_E18.5	Female	WT	NA	2/27/25	E1	586381	E1_586381	Brain	E18.5	10
E4_599428_Brain_E18.5	Male	WT	NA	11/20/24	E4	599428	E4_599428	Brain	E18.5	9.4
E5_599428_Brain_E18.5	Male	Dp16	NA	11/20/24	E5	599428	E5_599428	Brain	E18.5	8
E6_599428_Brain_E18.5	Female	WT	NA	11/20/24	E6	599428	E6_599428	Brain	E18.5	8.4
E8_599428_Brain_E18.5	Female	Dp16	NA	11/20/24	E8	599428	E8_599428	Brain	E18.5	9.4
E1_599425_Brain_E18.5	Female	Dp16	NA	11/21/24	E1	599425	E1_599425	Brain	E18.5	8
E2_586381_Brain_E18.5	Female	Dp16	NA	2/27/25	E2	586381	E2_586381	Brain	E18.5	10
E3_586381_Brain_E18.5	Male	Dp16	NA	2/27/25	E3	586381	E3_586381	Brain	E18.5	9.9
E4_599425_Brain_E18.5	Male	WT	NA	11/21/24	E4	599425	E4_599425	Brain	E18.5	7.6
E5_599425_Brain_E18.5	Male	Dp16	NA	11/21/24	E5	599425	E5_599425	Brain	E18.5	9.2
E6_599425_Brain_E18.5	Male	Dp16	NA	11/21/24	E6	599425	E6_599425	Brain	E18.5	9.7
E6_586381_Brain_E18.5	Female	WT	NA	2/27/25	E6	586381	E6_586381	Brain	E18.5	10
E8_599425_Brain_E18.5	Female	WT	NA	11/21/24	E8	599425	E8_599425	Brain	E18.5	7.6
E10_599425_Brain_E18.5	Female	Dp16	NA	11/21/24	E10	599425	E10_599425	Brain	E18.5	8
E9_586381_Brain_E18.5	Male	WT	NA	2/27/25	E9	586381	E9_586381	Brain	E18.5	10
E1_599424_Liver_E18.5	Female	Dp16	NA	11/19/24	E1	599424	E1_599424	Liver	E18.5	6.8
E2_599424_Liver_E18.5	Female	WT	NA	11/19/24	E2	599424	E2_599424	Liver	E18.5	6.7
E3_599424_Liver_E18.5	Female	WT	NA	11/19/24	E3	599424	E3_599424	Liver	E18.5	7.7
E4_599424_Liver_E18.5	Male	WT	NA	11/19/24	E4	599424	E4_599424	Liver	E18.5	7.6
E5_599424_Liver_E18.5	Male	WT	NA	11/19/24	E5	599424	E5_599424	Liver	E18.5	6.7
E7_599424_Liver_E18.5	Female	Dp16	NA	11/19/24	E7	599424	E7_599424	Liver	E18.5	6.9
E8_599424_Liver_E18.5	Male	Dp16	NA	11/19/24	E8	599424	E8_599424	Liver	E18.5	7
E1_599428_Liver_E18.5	Male	WT	NA	11/20/24	E1	599428	E1_599428	Liver	E18.5	7.1
E2_599428_Liver_E18.5	Male	Dp16	NA	11/20/24	E2	599428	E2_599428	Liver	E18.5	7.9
E1_586381_Liver_E18.5	Female	WT	NA	2/27/25	E1	586381	E1_586381	Liver	E18.5	8
E4_599428_Liver_E18.5	Male	WT	NA	11/20/24	E4	599428	E4_599428	Liver	E18.5	7
E5_599428_Liver_E18.5	Male	Dp16	NA	11/20/24	E5	599428	E5_599428	Liver	E18.5	7.8
E6_599428_Liver_E18.5	Female	WT	NA	11/20/24	E6	599428	E6_599428	Liver	E18.5	7
E8_599428_Liver_E18.5	Female	Dp16	NA	11/20/24	E8	599428	E8_599428	Liver	E18.5	7.5
E1_599425_Liver_E18.5	Female	Dp16	NA	11/21/24	E1	599425	E1_599425	Liver	E18.5	7
E2_586381_Liver_E18.5	Female	Dp16	NA	2/27/25	E2	586381	E2_586381	Liver	E18.5	8.2
E3_586381_Liver_E18.5	Male	Dp16	NA	2/27/25	E3	586381	E3_586381	Liver	E18.5	8.8
E4_599425_Liver_E18.5	Male	WT	NA	11/21/24	E4	599425	E4_599425	Liver	E18.5	7.7
E5_599425_Liver_E18.5	Male	Dp16	NA	11/21/24	E5	599425	E5_599425	Liver	E18.5	7.9
E6_599425_Liver_E18.5	Male	Dp16	NA	11/21/24	E6	599425	E6_599425	Liver	E18.5	8.8
E6_586381_Liver_E18.5	Female	WT	NA	2/27/25	E6	586381	E6_586381	Liver	E18.5	8.9
E8_599425_Liver_E18.5	Female	WT	NA	11/21/24	E8	599425	E8_599425	Liver	E18.5	7.3
E10_599425_Liver_E18.5	Female	Dp16	NA	11/21/24	E10	599425	E10_599425	Liver	E18.5	7.2
E9_586381_Liver_E18.5	Male	WT	NA	2/27/25	E9	586381	E9_586381	Liver	E18.5	8.6
E1_599424_Intestine_E18.5	Female	Dp16	NA	11/19/24	E1	599424	E1_599424	Intestine	E18.5	7.9
E2_599424_Intestine_E18.5	Female	WT	NA	11/19/24	E2	599424	E2_599424	Intestine	E18.5	7.4
E3_599424_Intestine_E18.5	Female	WT	NA	11/19/24	E3	599424	E3_599424	Intestine	E18.5	7.8
E4_599424_Intestine_E18.5	Male	WT	NA	11/19/24	E4	599424	E4_599424	Intestine	E18.5	7.6
E5_599424_Intestine_E18.5	Male	WT	NA	11/19/24	E5	599424	E5_599424	Intestine	E18.5	7.3
E7_599424_Intestine_E18.5	Female	Dp16	NA	11/19/24	E7	599424	E7_599424	Intestine	E18.5	7.4
E8_599424_Intestine_E18.5	Male	Dp16	NA	11/19/24	E8	599424	E8_599424	Intestine	E18.5	7.8
E1_599428_Intestine_E18.5	Male	WT	NA	11/20/24	E1	599428	E1_599428	Intestine	E18.5	8.6
E2_599428_Intestine_E18.5	Male	Dp16	NA	11/20/24	E2	599428	E2_599428	Intestine	E18.5	8.5
E4_599428_Intestine_E18.5	Male	WT	NA	11/20/24	E4	599428	E4_599428	Intestine	E18.5	8.2
E5_599428_Intestine_E18.5	Male	Dp16	NA	11/20/24	E5	599428	E5_599428	Intestine	E18.5	8.4
E6_599428_Intestine_E18.5	Female	WT	NA	11/20/24	E6	599428	E6_599428	Intestine	E18.5	7.6
E8_599428_Intestine_E18.5	Female	Dp16	NA	11/20/24	E8	599428	E8_599428	Intestine	E18.5	8.9
E1_599425_Intestine_E18.5	Female	Dp16	NA	11/21/24	E1	599425	E1_599425	Intestine	E18.5	9.2
E4_599425_Intestine_E18.5	Male	WT	NA	11/21/24	E4	599425	E4_599425	Intestine	E18.5	8.1
E5_599425_Intestine_E18.5	Male	Dp16	NA	11/21/24	E5	599425	E5_599425	Intestine	E18.5	8.2
E6_599425_Intestine_E18.5	Male	Dp16	NA	11/21/24	E6	599425	E6_599425	Intestine	E18.5	8.6
E8_599425_Intestine_E18.5	Female	WT	NA	11/21/24	E8	599425	E8_599425	Intestine	E18.5	8.6
E10_599425_Intestine_E18.5	Female	Dp16	NA	11/21/24	E10	599425	E10_599425	Intestine	E18.5	8.3
E1_586381_Intestine_E18.5	Female	WT	NA	2/27/25	E1	586381	E1_586381	Intestine	E18.5	8.6
E2_586381_Intestine_E18.5	Female	Dp16	NA	2/27/25	E2	586381	E2_586381	Intestine	E18.5	8.7
E3_586381_Intestine_E18.5	Male	Dp16	NA	2/27/25	E3	586381	E3_586381	Intestine	E18.5	8.7
E6_586381_Intestine_E18.5	Female	WT	NA	2/27/25	E6	586381	E6_586381	Intestine	E18.5	9
E9_586381_Intestine_E18.5	Male	WT	NA	2/27/25	E9	586381	E9_586381	Intestine	E18.5	8.9
E1_599424_Kidney_E18.5	Female	Dp16	NA	11/19/24	E1	599424	E1_599424	Kidney	E18.5	8.2
E2_599424_Kidney_E18.5	Female	WT	NA	11/19/24	E2	599424	E2_599424	Kidney	E18.5	8.3
E3_599424_Kidney_E18.5	Female	WT	NA	11/19/24	E3	599424	E3_599424	Kidney	E18.5	8.6
E4_599424_Kidney_E18.5	Male	WT	NA	11/19/24	E4	599424	E4_599424	Kidney	E18.5	9.3
E5_599424_Kidney_E18.5	Male	WT	NA	11/19/24	E5	599424	E5_599424	Kidney	E18.5	9
E7_599424_Kidney_E18.5	Female	Dp16	NA	11/19/24	E7	599424	E7_599424	Kidney	E18.5	9.4
E8_599424_Kidney_E18.5	Male	Dp16	NA	11/19/24	E8	599424	E8_599424	Kidney	E18.5	9.2
E1_599428_Kidney_E18.5	Male	WT	NA	11/20/24	E1	599428	E1_599428	Kidney	E18.5	9.2
E2_599428_Kidney_E18.5	Male	Dp16	NA	11/20/24	E2	599428	E2_599428	Kidney	E18.5	9.5
E4_599428_Kidney_E18.5	Male	WT	NA	11/20/24	E4	599428	E4_599428	Kidney	E18.5	9.4
E5_599428_Kidney_E18.5	Male	Dp16	NA	11/20/24	E5	599428	E5_599428	Kidney	E18.5	9.4
E6_599428_Kidney_E18.5	Female	WT	NA	11/20/24	E6	599428	E6_599428	Kidney	E18.5	10
E8_599428_Kidney_E18.5	Female	Dp16	NA	11/20/24	E8	599428	E8_599428	Kidney	E18.5	9.6
E1_599425_Kidney_E18.5	Female	Dp16	NA	11/21/24	E1	599425	E1_599425	Kidney	E18.5	10
E4_599425_Kidney_E18.5	Male	WT	NA	11/21/24	E4	599425	E4_599425	Kidney	E18.5	9.1
E5_599425_Kidney_E18.5	Male	Dp16	NA	11/21/24	E5	599425	E5_599425	Kidney	E18.5	9.3
E6_599425_Kidney_E18.5	Male	Dp16	NA	11/21/24	E6	599425	E6_599425	Kidney	E18.5	9.4
E8_599425_Kidney_E18.5	Female	WT	NA	11/21/24	E8	599425	E8_599425	Kidney	E18.5	9.3
E10_599425_Kidney_E18.5	Female	Dp16	NA	11/21/24	E10	599425	E10_599425	Kidney	E18.5	9.3
E1_586381_Kidney_E18.5	Female	WT	NA	2/27/25	E1	586381	E1_586381	Kidney	E18.5	9.4
E2_586381_Kidney_E18.5	Female	Dp16	NA	2/27/25	E2	586381	E2_586381	Kidney	E18.5	9.7
E3_586381_Kidney_E18.5	Male	Dp16	NA	2/27/25	E3	586381	E3_586381	Kidney	E18.5	9.6
E6_586381_Kidney_E18.5	Female	WT	NA	2/27/25	E6	586381	E6_586381	Kidney	E18.5	9.7
E9_586381_Kidney_E18.5	Male	WT	NA	2/27/25	E9	586381	E9_586381	Kidney	E18.5	9.6
E1_599424_Lung_E18.5	Female	Dp16	NA	11/19/24	E1	599424	E1_599424	Lung	E18.5	9.6
E2_599424_Lung_E18.5	Female	WT	NA	11/19/24	E2	599424	E2_599424	Lung	E18.5	9.6
E3_599424_Lung_E18.5	Female	WT	NA	11/19/24	E3	599424	E3_599424	Lung	E18.5	9.8
E4_599424_Lung_E18.5	Male	WT	NA	11/19/24	E4	599424	E4_599424	Lung	E18.5	8.4
E5_599424_Lung_E18.5	Male	WT	NA	11/19/24	E5	599424	E5_599424	Lung	E18.5	9.7
E7_599424_Lung_E18.5	Female	Dp16	NA	11/19/24	E7	599424	E7_599424	Lung	E18.5	9.6
E8_599424_Lung_E18.5	Male	Dp16	NA	11/19/24	E8	599424	E8_599424	Lung	E18.5	9.8
E1_599428_Lung_E18.5	Male	WT	NA	11/20/24	E1	599428	E1_599428	Lung	E18.5	9.8
E2_599428_Lung_E18.5	Male	Dp16	NA	11/20/24	E2	599428	E2_599428	Lung	E18.5	8.8
E4_599428_Lung_E18.5	Male	WT	NA	11/20/24	E4	599428	E4_599428	Lung	E18.5	8.9
E5_599428_Lung_E18.5	Male	Dp16	NA	11/20/24	E5	599428	E5_599428	Lung	E18.5	9.5
E6_599428_Lung_E18.5	Female	WT	NA	11/20/24	E6	599428	E6_599428	Lung	E18.5	9.7
E8_599428_Lung_E18.5	Female	Dp16	NA	11/20/24	E8	599428	E8_599428	Lung	E18.5	9.8
E1_599425_Lung_E18.5	Female	Dp16	NA	11/21/24	E1	599425	E1_599425	Lung	E18.5	10
E4_599425_Lung_E18.5	Male	WT	NA	11/21/24	E4	599425	E4_599425	Lung	E18.5	9.6
E5_599425_Lung_E18.5	Male	Dp16	NA	11/21/24	E5	599425	E5_599425	Lung	E18.5	9.7
E6_599425_Lung_E18.5	Male	Dp16	NA	11/21/24	E6	599425	E6_599425	Lung	E18.5	10
E8_599425_Lung_E18.5	Female	WT	NA	11/21/24	E8	599425	E8_599425	Lung	E18.5	9.8
E10_599425_Lung_E18.5	Female	Dp16	NA	11/21/24	E10	599425	E10_599425	Lung	E18.5	9.9
E1_586381_Lung_E18.5	Female	WT	NA	2/27/25	E1	586381	E1_586381	Lung	E18.5	10
E2_586381_Lung_E18.5	Female	Dp16	NA	2/27/25	E2	586381	E2_586381	Lung	E18.5	10
E3_586381_Lung_E18.5	Male	Dp16	NA	2/27/25	E3	586381	E3_586381	Lung	E18.5	10
E6_586381_Lung_E18.5	Female	WT	NA	2/27/25	E6	586381	E6_586381	Lung	E18.5	9.2
E9_586381_Lung_E18.5	Male	WT	NA	2/27/25	E9	586381	E9_586381	Lung	E18.5	9.9
E1_599424_Skin_E18.5	Female	Dp16	NA	11/19/24	E1	599424	E1_599424	Skin	E18.5	7.3
E2_599424_Skin_E18.5	Female	WT	NA	11/19/24	E2	599424	E2_599424	Skin	E18.5	7.2
E3_599424_Skin_E18.5	Female	WT	NA	11/19/24	E3	599424	E3_599424	Skin	E18.5	7.8
E4_599424_Skin_E18.5	Male	WT	NA	11/19/24	E4	599424	E4_599424	Skin	E18.5	8.1
E5_599424_Skin_E18.5	Male	WT	NA	11/19/24	E5	599424	E5_599424	Skin	E18.5	8.3
E7_599424_Skin_E18.5	Female	Dp16	NA	11/19/24	E7	599424	E7_599424	Skin	E18.5	7.8
E8_599424_Skin_E18.5	Male	Dp16	NA	11/19/24	E8	599424	E8_599424	Skin	E18.5	8.6
E1_599428_Skin_E18.5	Male	WT	NA	11/20/24	E1	599428	E1_599428	Skin	E18.5	8.2
E2_599428_Skin_E18.5	Male	Dp16	NA	11/20/24	E2	599428	E2_599428	Skin	E18.5	8.5
E4_599428_Skin_E18.5	Male	WT	NA	11/20/24	E4	599428	E4_599428	Skin	E18.5	9.1
E5_599428_Skin_E18.5	Male	Dp16	NA	11/20/24	E5	599428	E5_599428	Skin	E18.5	9.3
E6_599428_Skin_E18.5	Female	WT	NA	11/20/24	E6	599428	E6_599428	Skin	E18.5	9.3
E8_599428_Skin_E18.5	Female	Dp16	NA	11/20/24	E8	599428	E8_599428	Skin	E18.5	9.5
E1_599425_Skin_E18.5	Female	Dp16	NA	11/21/24	E1	599425	E1_599425	Skin	E18.5	10
E4_599425_Skin_E18.5	Male	WT	NA	11/21/24	E4	599425	E4_599425	Skin	E18.5	7.2
E5_599425_Skin_E18.5	Male	Dp16	NA	11/21/24	E5	599425	E5_599425	Skin	E18.5	7
E6_599425_Skin_E18.5	Male	Dp16	NA	11/21/24	E6	599425	E6_599425	Skin	E18.5	7.7
E8_599425_Skin_E18.5	Female	WT	NA	11/21/24	E8	599425	E8_599425	Skin	E18.5	7.4
E10_599425_Skin_E18.5	Female	Dp16	NA	11/21/24	E10	599425	E10_599425	Skin	E18.5	8
E1_586381_Skin_E18.5	Female	WT	NA	2/27/25	E1	586381	E1_586381	Skin	E18.5	8.8
E2_586381_Skin_E18.5	Female	Dp16	NA	2/27/25	E2	586381	E2_586381	Skin	E18.5	8.1
E3_586381_Skin_E18.5	Male	Dp16	NA	2/27/25	E3	586381	E3_586381	Skin	E18.5	8.2
E6_586381_Skin_E18.5	Female	WT	NA	2/27/25	E6	586381	E6_586381	Skin	E18.5	8.1
E9_586381_Skin_E18.5	Male	WT	NA	2/27/25	E9	586381	E9_586381	Skin	E18.5	7.4
E1_545395_Whole_Embryo_E18.5	Female	WT	NA	4/20/24	E1	545395	E1_545395	Whole_Embryo	E18.5	NA
E2_545395_Whole_Embryo_E18.5	Male	WT	NA	4/20/24	E2	545395	E2_545395	Whole_Embryo	E18.5	NA
E3_545395_Whole_Embryo_E18.5	Male	Dp16	NA	4/20/24	E3	545395	E3_545395	Whole_Embryo	E18.5	NA
E4_545395_Whole_Embryo_E18.5	Male	WT	NA	4/20/24	E4	545395	E4_545395	Whole_Embryo	E18.5	NA
E5_545395_Whole_Embryo_E18.5	Female	Dp16	NA	4/20/24	E5	545395	E5_545395	Whole_Embryo	E18.5	NA
E6_545395_Whole_Embryo_E18.5	Male	Dp16	NA	4/20/24	E6	545395	E6_545395	Whole_Embryo	E18.5	NA
E7_545395_Whole_Embryo_E18.5	Male	Dp16	NA	4/20/24	E7	545395	E7_545395	Whole_Embryo	E18.5	NA
E8_545395_Whole_Embryo_E18.5	Male	WT	NA	4/20/24	E8	545395	E8_545395	Whole_Embryo	E18.5	NA
E9_545395_Whole_Embryo_E18.5	Female	Dp16	NA	4/20/24	E9	545395	E9_545395	Whole_Embryo	E18.5	NA
E1_545399_Whole_Embryo_E18.5	Male	WT	NA	4/20/24	E1	545399	E1_545399	Whole_Embryo	E18.5	NA
E2_545399_Whole_Embryo_E18.5	Male	Dp16	NA	4/20/24	E2	545399	E2_545399	Whole_Embryo	E18.5	NA
E3_545399_Whole_Embryo_E18.5	Male	Dp16	NA	4/20/24	E3	545399	E3_545399	Whole_Embryo	E18.5	NA
E4_545399_Whole_Embryo_E18.5	Female	WT	NA	4/20/24	E4	545399	E4_545399	Whole_Embryo	E18.5	NA
E5_545399_Whole_Embryo_E18.5	Female	WT	NA	4/20/24	E5	545399	E5_545399	Whole_Embryo	E18.5	NA
E6_545399_Whole_Embryo_E18.5	Male	WT	NA	4/20/24	E6	545399	E6_545399	Whole_Embryo	E18.5	NA
E7_545399_Whole_Embryo_E18.5	Male	Dp16	NA	4/20/24	E7	545399	E7_545399	Whole_Embryo	E18.5	NA
E8_545399_Whole_Embryo_E18.5	Female	WT	NA	4/20/24	E8	545399	E8_545399	Whole_Embryo	E18.5	NA
E9_545399_Whole_Embryo_E18.5	Male	WT	NA	4/20/24	E9	545399	E9_545399	Whole_Embryo	E18.5	NA
E10_545399_Whole_Embryo_E18.5	Female	WT	NA	4/20/24	E10	545399	E10_545399	Whole_Embryo	E18.5	NA
E1_545400_Whole_Embryo_E18.5	Female	Dp16	NA	4/21/24	E1	545400	E1_545400	Whole_Embryo	E18.5	NA
E2_545400_Whole_Embryo_E18.5	Female	Dp16	NA	4/21/24	E2	545400	E2_545400	Whole_Embryo	E18.5	NA
E3_545400_Whole_Embryo_E18.5	Female	Dp16	NA	4/21/24	E3	545400	E3_545400	Whole_Embryo	E18.5	NA
E4_545400_Whole_Embryo_E18.5	Male	Dp16	NA	4/21/24	E4	545400	E4_545400	Whole_Embryo	E18.5	NA
E5_545400_Whole_Embryo_E18.5	Male	Dp16	NA	4/21/24	E5	545400	E5_545400	Whole_Embryo	E18.5	NA
E6_545400_Whole_Embryo_E18.5	Male	WT	NA	4/21/24	E6	545400	E6_545400	Whole_Embryo	E18.5	NA
E7_545400_Whole_Embryo_E18.5	Female	Dp16	NA	4/21/24	E7	545400	E7_545400	Whole_Embryo	E18.5	NA
E8_545400_Whole_Embryo_E18.5	Female	WT	NA	4/21/24	E8	545400	E8_545400	Whole_Embryo	E18.5	NA
E9_545400_Whole_Embryo_E18.5	Male	WT	NA	4/21/24	E9	545400	E9_545400	Whole_Embryo	E18.5	NA
E10_545400_Whole_Embryo_E18.5	Male	WT	NA	4/21/24	E10	545400	E10_545400	Whole_Embryo	E18.5	NA